{
  "Australian Dollar": {
    "Australian Dollar": 1,
    "Brazilian Real": 0.353993,
    "British Pound": 1.927753,
    "Canadian Dollar": 1.109,
    "Chinese Yuan Renminbi": 0.208642,
    "Euro": 1.62802,
    "Indian Rupee": 0.020722,
    "Indonesian Rupiah": 0.000105,
    "Iranian Rial": 0.000035,
    "Japanese Yen": 0.013498,
    "Mexican Peso": 0.076163,
    "Russian Ruble": 0.023084,
    "South African Rand": 0.099189,
    "Turkish Lira": 0.252737,
    "United States Dollar": 1.467969
  },
  "Brazilian Real": {
    "Australian Dollar": 2.824924,
    "Brazilian Real": 1,
    "British Pound": 5.44511,
    "Canadian Dollar": 3.132645,
    "Chinese Yuan Renminbi": 0.58933,
    "Euro": 4.599773,
    "Indian Rupee": 0.058529,
    "Indonesian Rupiah": 0.000296,
    "Iranian Rial": 0.000098,
    "Japanese Yen": 0.038135,
    "Mexican Peso": 0.215182,
    "Russian Ruble": 0.065226,
    "South African Rand": 0.280275,
    "Turkish Lira": 0.714052,
    "United States Dollar": 4.146717
  },
  "British Pound": {
    "Australian Dollar": 0.518798,
    "Brazilian Real": 0.183643,
    "British Pound": 1,
    "Canadian Dollar": 0.575215,
    "Chinese Yuan Renminbi": 0.108209,
    "Euro": 0.844562,
    "Indian Rupee": 0.010747,
    "Indonesian Rupiah": 0.000054,
    "Iranian Rial": 0.000098,
    "Japanese Yen": 0.007003,
    "Mexican Peso": 0.039515,
    "Russian Ruble": 0.011977,
    "South African Rand": 0.051469,
    "Turkish Lira": 0.131136,
    "United States Dollar": 0.761394
  },
  "Canadian Dollar": {
    "Australian Dollar": 0.901813,
    "Brazilian Real": 0.319229,
    "British Pound": 1.738237,
    "Canadian Dollar": 1,
    "Chinese Yuan Renminbi": 0.188128,
    "Euro": 1.46825,
    "Indian Rupee": 0.018684,
    "Indonesian Rupiah": 0.000094,
    "Iranian Rial": 0.000031,
    "Japanese Yen": 0.012172,
    "Mexican Peso": 0.06869,
    "Russian Ruble": 0.020821,
    "South African Rand": 0.089463,
    "Turkish Lira": 0.227928,
    "United States Dollar": 1.323677
  },
  "Chinese Yuan Renminbi": {
    "Australian Dollar": 4.792343,
    "Brazilian Real": 1.696949,
    "British Pound": 9.240684,
    "Canadian Dollar": 5.315613,
    "Chinese Yuan Renminbi": 1,
    "Euro": 7.803443,
    "Indian Rupee": 0.099313,
    "Indonesian Rupiah": 0.000502,
    "Iranian Rial": 0.000167,
    "Japanese Yen": 0.064721,
    "Mexican Peso": 0.365196,
    "Russian Ruble": 0.110699,
    "South African Rand": 0.475629,
    "Turkish Lira": 1.212127,
    "United States Dollar": 7.034259
  },
  "Euro": {
    "Australian Dollar": 0.614172,
    "Brazilian Real": 0.217423,
    "British Pound": 1.183952,
    "Canadian Dollar": 0.681094,
    "Chinese Yuan Renminbi": 0.128123,
    "Euro": 1,
    "Indian Rupee": 0.012726,
    "Indonesian Rupiah": 0.000064,
    "Iranian Rial": 0.000021,
    "Japanese Yen": 0.00829,
    "Mexican Peso": 0.046775,
    "Russian Ruble": 0.014178,
    "South African Rand": 0.060919,
    "Turkish Lira": 0.155212,
    "United States Dollar": 0.901516
  },
  "Indian Rupee": {
    "Australian Dollar": 48.236731,
    "Brazilian Real": 17.080298,
    "British Pound": 93.002823,
    "Canadian Dollar": 53.49259,
    "Chinese Yuan Renminbi": 10.067591,
    "Euro": 78.570843,
    "Indian Rupee": 1,
    "Indonesian Rupiah": 0.005055,
    "Iranian Rial": 0.001681,
    "Japanese Yen": 0.65163,
    "Mexican Peso": 3.676544,
    "Russian Ruble": 1.114794,
    "South African Rand": 4.788771,
    "Turkish Lira": 12.204464,
    "United States Dollar": 70.801954
  },
  "Indonesian Rupiah": {
    "Australian Dollar": 28766.953246,
    "Brazilian Real": 3377.395199,
    "British Pound": 18391.196589,
    "Canadian Dollar": 10580.993386,
    "Chinese Yuan Renminbi": 1991.421196,
    "Euro": 15543.042052,
    "Indian Rupee": 197.800554,
    "Indonesian Rupiah": 1,
    "Iranian Rial": 0.332501,
    "Japanese Yen": 128.884802,
    "Mexican Peso": 727.284445,
    "Russian Ruble": 220.446771,
    "South African Rand": 947.123651,
    "Turkish Lira": 2413.434186,
    "United States Dollar": 14004.13937
  },
  "Iranian Rial": {
    "Australian Dollar": 9540.457418,
    "Brazilian Real": 10160.959726,
    "British Pound": 55413.067337,
    "Canadian Dollar": 31875.05808,
    "Chinese Yuan Renminbi": 5976.488688,
    "Euro": 46705.881192,
    "Indian Rupee": 594.32242,
    "Indonesian Rupiah": 3.008954,
    "Iranian Rial": 1,
    "Japanese Yen": 388.38743,
    "Mexican Peso": 2186.546861,
    "Russian Ruble": 662.631813,
    "South African Rand": 2848.379329,
    "Turkish Lira": 7253.15115,
    "United States Dollar": 42435.23865
  },
  "Japanese Yen": {
    "Australian Dollar": 74.065899,
    "Brazilian Real": 26.221142,
    "British Pound": 142.76467,
    "Canadian Dollar": 82.132933,
    "Chinese Yuan Renminbi": 15.451116,
    "Euro": 120.594294,
    "Indian Rupee": 1.534676,
    "Indonesian Rupiah": 0.007758,
    "Iranian Rial": 0.00258,
    "Japanese Yen": 1,
    "Mexican Peso": 5.642781,
    "Russian Ruble": 1.710459,
    "South African Rand": 7.349218,
    "Turkish Lira": 18.724889,
    "United States Dollar": 108.741289
  },
  "Mexican Peso": {
    "Australian Dollar": 13.1271,
    "Brazilian Real": 4.646997,
    "British Pound": 25.302636,
    "Canadian Dollar": 14.556881,
    "Chinese Yuan Renminbi": 2.738625,
    "Euro": 21.373969,
    "Indian Rupee": 0.271997,
    "Indonesian Rupiah": 0.001375,
    "Iranian Rial": 0.000457,
    "Japanese Yen": 0.177217,
    "Mexican Peso": 1,
    "Russian Ruble": 0.303104,
    "South African Rand": 1.302416,
    "Turkish Lira": 3.318289,
    "United States Dollar": 19.268449
  },
  "Russian Ruble": {
    "Australian Dollar": 43.286514,
    "Brazilian Real": 15.323574,
    "British Pound": 83.43713,
    "Canadian Dollar": 48.002922,
    "Chinese Yuan Renminbi": 9.030605,
    "Euro": 70.48333,
    "Indian Rupee": 0.897163,
    "Indonesian Rupiah": 0.004536,
    "Iranian Rial": 0.001508,
    "Japanese Yen": 0.584628,
    "Mexican Peso": 3.298992,
    "Russian Ruble": 1,
    "South African Rand": 4.297043,
    "Turkish Lira": 10.947133,
    "United States Dollar": 63.538771
  },
  "South African Rand": {
    "Australian Dollar": 10.078598,
    "Brazilian Real": 3.567852,
    "British Pound": 19.426906,
    "Canadian Dollar": 11.176429,
    "Chinese Yuan Renminbi": 2.102645,
    "Euro": 16.41134,
    "Indian Rupee": 0.208831,
    "Indonesian Rupiah": 0.001056,
    "Iranian Rial": 0.000351,
    "Japanese Yen": 0.136067,
    "Mexican Peso": 0.767824,
    "Russian Ruble": 0.232733,
    "South African Rand": 1,
    "Turkish Lira": 2.547911,
    "United States Dollar": 14.789309
  },
  "Turkish Lira": {
    "Australian Dollar": 3.955602,
    "Brazilian Real": 1.400353,
    "British Pound": 7.625211,
    "Canadian Dollar": 4.386527,
    "Chinese Yuan Renminbi": 0.825263,
    "Euro": 6.440848,
    "Indian Rupee": 0.081966,
    "Indonesian Rupiah": 0.000414,
    "Iranian Rial": 0.000138,
    "Japanese Yen": 0.053406,
    "Mexican Peso": 0.301356,
    "Russian Ruble": 0.091345,
    "South African Rand": 0.392473,
    "Turkish Lira": 1,
    "United States Dollar": 5.806291
  },
  "United States Dollar": {
    "Australian Dollar": 0.681245,
    "Brazilian Real": 0.241172,
    "British Pound": 1.313164,
    "Canadian Dollar": 0.755464,
    "Chinese Yuan Renminbi": 0.142125,
    "Euro": 1.109265,
    "Indian Rupee": 0.014116,
    "Indonesian Rupiah": 0.000071,
    "Iranian Rial": 0.000024,
    "Japanese Yen": 0.009198,
    "Mexican Peso": 0.0519,
    "Russian Ruble": 0.015731,
    "South African Rand": 0.067594,
    "Turkish Lira": 0.172216,
    "United States Dollar": 1
  }
}